"Crime ID";"Location";"Longitude";"Latitude";"LSOA name";"Crime type";"Last outcome category";"Outcome type"
"a381afd284820fbb35e275157f6a4e90a05b71f607b0038eea881b015ba61225";"On or near A1";-0.097078;51.519045;"City of London 001A";"Bicycle theft";"Investigation complete; no suspect identified";"Investigation complete; no suspect identified"
"ddc964fd5c1eac614bd57560503e7fa6e1cabf50d77ef36b883ad03fad37c5c9";"On or near Noble Street";-0.095704;51.516747;"City of London 001B";"Other theft";"Investigation complete; no suspect identified";"Investigation complete; no suspect identified"
"14159a314ef07b7bd85e04e9eebac2c9d78f209f3ada8ddd74b5d2844696ab56";"On or near Park/Open Space";-0.093969;51.5193;"City of London 001B";"Other theft";"Investigation complete; no suspect identified";"Investigation complete; no suspect identified"
"f6c7cc0b748b1388c5cceeb0aacfbcb43f8755e6a491afb534be681b0daa7eb5";"On or near Parking Area";-0.094655;51.517369;"City of London 001B";"Other theft";"Investigation complete; no suspect identified";"Investigation complete; no suspect identified"
"7d343581697be0547bdc7328dc5d59d61353fd92f458f8d700a737c88be1d7e6";"On or near Theatre/Concert Hall";-0.09413;51.519961;"City of London 001B";"Other theft";"Investigation complete; no suspect identified";"Investigation complete; no suspect identified"
"5a605dfac6bb8588a4ce833913a31cb91362073c437c9b47f03e8643cd25465a";"On or near Fore Street";-0.091495;51.518145;"City of London 001B";"Other theft";"Investigation complete; no suspect identified";"Investigation complete; no suspect identified"
"b4f649e97ce300cedb86ec5ff7b737480e7ef9f34707fbeb5875981fe957c745";"On or near Moor Lane";-0.090553;51.518948;"City of London 001B";"Public order";"Investigation complete; no suspect identified";"Investigation complete; no suspect identified"
"dc27dc0ebb12ab3e64b4ebf03c62d4ffbed60592c0b10da7077551ca67db7576";"On or near Moor Lane";-0.090553;51.518948;"City of London 001B";"Shoplifting";"Investigation complete; no suspect identified";"Investigation complete; no suspect identified"
"c92010eedf85e37f6c4937bf3b5869b1580feaad329fe84e969c0b21e9e2d9f3";"On or near Fann Street";-0.095758;51.521667;"City of London 001C";"Other theft";"Investigation complete; no suspect identified";"Investigation complete; no suspect identified"
"35e6ae4469db6eb882d96699b2811914556ee91c6f0ae2d7c53fba674cbd27a3";"On or near Minories";-0.075453;51.511965;"City of London 001E";"Drugs";"Awaiting court outcome";"Suspect charged"
"2f2cc8c74ef5e990e9be68a0ae1c08616a183c52d47f19ba430201617b359737";"On or near Minories";-0.075453;51.511965;"City of London 001E";"Drugs";"Local resolution";"Local resolution"
"fbc13b88444d93df28f63df80d1f58d37ce74153d1dec821fc7514ee3dce145d";"On or near Artizan Street";-0.077511;51.515812;"City of London 001E";"Drugs";"Offender given a drugs possession warning";"Offender given a drugs possession warning"
"61a14834f4d731b912dd52f5357b21259f822eec79e53e6ba43578e6bde7b05e";"On or near Harrow Place";-0.077407;51.516215;"City of London 001E";"Drugs";"Offender given a drugs possession warning";"Offender given a drugs possession warning"
"045f837d53124a16baf2e5f597ba946f765bfd4ed7f1f66e14b661df17f745ef";"On or near Little Somerset Street";-0.07433;51.513647;"City of London 001E";"Drugs";"Offender given a drugs possession warning";"Offender given a drugs possession warning"
"8e755b407295d0961fb281aa313f961f68b7917035fddbb9b40e5a630cff0005";"On or near Little Somerset Street";-0.07433;51.513647;"City of London 001E";"Other theft";"Unable to prosecute suspect";"Unable to prosecute suspect"
"136b4dc87946800ee6d686694a25a716edf66fe4f11f97c3ac996eb8f2f03a1f";"On or near St Botolph Street";-0.074925;51.514924;"City of London 001E";"Other theft";"Investigation complete; no suspect identified";"Investigation complete; no suspect identified"
"ca42bf4e8ee2d800d9dcec5f634f0816900634c94b7d2943faf530390c657129";"On or near Gravel Lane";-0.076716;51.515178;"City of London 001E";"Other theft";"Investigation complete; no suspect identified";"Investigation complete; no suspect identified"
"6457e3895cec43f13e0116da80a4981007b3e8c113003237a89e946c2b27b846";"On or near Cutler Street";-0.078839;51.515753;"City of London 001E";"Other theft";"Investigation complete; no suspect identified";"Investigation complete; no suspect identified"
"5557dd7c1ee26808c768fb083164c273163504493b32e0dab29eea91e72bc622";"On or near Goodman'S Yard";-0.073727;51.511218;"City of London 001E";"Other theft";"Investigation complete; no suspect identified";"Investigation complete; no suspect identified"
"2341326ef65972987f15a7803bd4a9c22708aaa3c4ac54d48f8bf87e3bce1202";"On or near Cutler Street";-0.078839;51.515753;"City of London 001E";"Other theft";"Investigation complete; no suspect identified";"Investigation complete; no suspect identified"
"719ae226042bb7e190980733ad3ac749d87a6f550bccda2d03d5810ee06b1d4c";"On or near India Street";-0.076145;51.512642;"City of London 001E";"Other theft";"Investigation complete; no suspect identified";"Investigation complete; no suspect identified"
"31ae4062b28d48902e7903714af79076065ca7a92ad31a63c881990c64f87020";"On or near Little Somerset Street";-0.07433;51.513647;"City of London 001E";"Public order";"Unable to prosecute suspect";"Unable to prosecute suspect"
"0e56e3d3155d7e43a284e0c240587c7e55c9ee299ea7ac45c4a4d1e318d9cfe6";"On or near Little Somerset Street";-0.07433;51.513647;"City of London 001E";"Public order";"Awaiting court outcome";"Suspect charged"
"cce2906dcca1d9efc7847c904aabf1cf11786bdac4e83f43e3658c2e13b28061";"On or near India Street";-0.076145;51.512642;"City of London 001E";"Shoplifting";"Awaiting court outcome";"Suspect charged"
"3761b0f7c9b5cb87ff1c71096939ec28e89e12f7fd088e642e0363aaeb06060f";"On or near Supermarket";-0.075401;51.511164;"City of London 001E";"Shoplifting";"Unable to prosecute suspect";"Unable to prosecute suspect"
"45f60367403edcae1096860bb6c94bf44789e35973b5c7e93f08f96279d8ed5e";"On or near Supermarket";-0.075401;51.511164;"City of London 001E";"Shoplifting";"Unable to prosecute suspect";"Unable to prosecute suspect"
"f87dd20d6869f920e2b827755b3db48a43b9ddc5ee3c1428753126a0ed988e02";"On or near Supermarket";-0.075401;51.511164;"City of London 001E";"Shoplifting";"Awaiting court outcome";"Suspect charged"
"14422c458b0124ae4651a3f5ab19b150bec8b1dd868686b6b93a2f2e19407099";"On or near Supermarket";-0.075401;51.511164;"City of London 001E";"Shoplifting";"Awaiting court outcome";"Suspect charged"
"108afba07fd60a30186f44920b15d566452cb9ded88137130c304896710e13f7";"On or near Shorter Street";-0.073717;51.510084;"City of London 001E";"Theft from the person";"Investigation complete; no suspect identified";"Investigation complete; no suspect identified"
"2b9b90e6db885bc3dea5c5d90eb883ea4307ce65eda0bdc8fa3e4c818cd728b6";"On or near Bishopsgate";-0.081113;51.516869;"City of London 001F";"Bicycle theft";"Investigation complete; no suspect identified";"Investigation complete; no suspect identified"
"19e3aa2c4d728095c7a95d8574201de968ddc9cb86bec57c09b9fe446218bdc9";"On or near Ludgate Hill";-0.102134;51.513929;"City of London 001F";"Bicycle theft";"Investigation complete; no suspect identified";"Investigation complete; no suspect identified"
"e4c5fa52fcec997cae9af0eba996a14e02eeec20a963af80529b197cda7cd148";"On or near Lovat Lane";-0.083977;51.510441;"City of London 001F";"Burglary";"Awaiting court outcome";"Suspect charged"
"e4a0e77fd8473cdbf0e1197cfb6f2dd7bbcb472630fd6062e166fef926fe391b";"On or near Ironmonger Lane";-0.091823;51.514427;"City of London 001F";"Criminal damage and arson";"Investigation complete; no suspect identified";"Investigation complete; no suspect identified"
"c058da89dbd4ee32aa968e3429031207cfb9660714759aba852a207757558d23";"On or near Cousin Lane";-0.09141;51.510167;"City of London 001F";"Criminal damage and arson";"Investigation complete; no suspect identified";"Investigation complete; no suspect identified"
"9a3d43d0ca64fae39ba2221774c8a8687fc42a86d82a711a1116262ed389318b";"On or near Corbet Court";-0.084754;51.512882;"City of London 001F";"Criminal damage and arson";"Investigation complete; no suspect identified";"Investigation complete; no suspect identified"
"ebbc44cb5e1af75bde64760547fa3e102eccfe1988c0bf5090336fda294dadb9";"On or near Finch Lane";-0.086019;51.513631;"City of London 001F";"Criminal damage and arson";"Awaiting court outcome";"Suspect charged"
"bcd557f36fe4a3e50694b89847ff9ac36f903815491ecc7f4ef19a1f78abf35e";"On or near London Wall";-0.089808;51.517461;"City of London 001F";"Drugs";"Offender given a caution";"Offender given a caution"
"1057d026ee919a4117c37deeafe53ee62173cae291693dd201b7de61755eba3e";"On or near Queenhithe";-0.095054;51.510559;"City of London 001F";"Drugs";"Awaiting court outcome";"Suspect charged"
"25391d20f2aa4e952e38a4a436e7a120500b0986bca5b8f0d9cb463b429f0565";"On or near Moorgate";-0.088785;51.517102;"City of London 001F";"Drugs";"Formal action is not in the public interest";"Formal action is not in the public interest"
"27071a1f512555f19d2314eb2017fb567cfe88f39ad8f99d494b98a396368bad";"On or near Victoria Avenue";-0.079907;51.517785;"City of London 001F";"Drugs";"Unable to prosecute suspect";"Unable to prosecute suspect"
"a0ad1088808e4318d6ee8466dace81bf20e2eaee1a603dbd0cecd184941d024d";"On or near Victoria Avenue";-0.079907;51.517785;"City of London 001F";"Drugs";"Offender given a drugs possession warning";"Offender given a drugs possession warning"
"101738e1cfff55a2565373964eebfb6daabfdcb99b9232c7e5021fe2cad598db";"On or near London Wall";-0.089808;51.517461;"City of London 001F";"Drugs";"Awaiting court outcome";"Suspect charged"
"df950a024b8d52551548177f128527b483618bdd60e40ce18bb0a53edab234ac";"On or near Bishopsgate";-0.081113;51.516869;"City of London 001F";"Drugs";"Offender given a drugs possession warning";"Offender given a drugs possession warning"
"c180f96750d1632e954b51546a41af50fbbebde4070e8ed050d3de195440b511";"On or near Wormwood Street";-0.082993;51.51636;"City of London 001F";"Drugs";"Awaiting court outcome";"Suspect charged"
"920e2fe5c5bc2dc792c3b9cecbd27420538addbd6703198375eb1800f267e784";"On or near Mitre Street";-0.078278;51.513666;"City of London 001F";"Drugs";"Offender given a drugs possession warning";"Offender given a drugs possession warning"
"f99bc35bf34eb013cea5856a82ad3a033550b85ef71e8c0e6a3ef51716a60e28";"On or near Talbot Court";-0.085228;51.51119;"City of London 001F";"Other theft";"Investigation complete; no suspect identified";"Investigation complete; no suspect identified"
"2f4bc11719529ae091d9e48ffacd5c5155a8da53839938ceba0a455580d09c9c";"On or near Corbet Court";-0.084754;51.512882;"City of London 001F";"Other theft";"Investigation complete; no suspect identified";"Investigation complete; no suspect identified"
"4e4bdfbd6844e84681c1d49473070d6dee9cb5c8307ae9790ff8a7b8e6e28046";"On or near Allhallows Lane";-0.090578;51.509722;"City of London 001F";"Other theft";"Investigation complete; no suspect identified";"Investigation complete; no suspect identified"
"13f17f07374ca047378859c3e86c6bf13d50b5afce0906f8f884ff4539b42dba";"On or near Martin Lane";-0.087772;51.510665;"City of London 001F";"Other theft";"Investigation complete; no suspect identified";"Investigation complete; no suspect identified"
"4dc0f086fb455a7d23aa963698ac9e2942c8f17a52948007ebd93606104dae07";"On or near Great Tower Street";-0.081643;51.51007;"City of London 001F";"Other theft";"Investigation complete; no suspect identified";"Investigation complete; no suspect identified"
"81f37a228b42b0f33b0706ca8c2910fe7636f79691f7c9f092d2d1951bfebe52";"On or near Talbot Court";-0.085228;51.51119;"City of London 001F";"Other theft";"Investigation complete; no suspect identified";"Investigation complete; no suspect identified"
"86039ea6a901549fd6719f00ae88320985a519f1fc06615e10684a5627f1a1bf";"On or near Talbot Court";-0.085228;51.51119;"City of London 001F";"Other theft";"Investigation complete; no suspect identified";"Investigation complete; no suspect identified"
"bfe574303ba95783c5fb69e9500b39a1ca97533aceaff49fd09c2437903ca34b";"On or near Moorgate";-0.088785;51.517102;"City of London 001F";"Other theft";"Investigation complete; no suspect identified";"Investigation complete; no suspect identified"
"3a4519bd95b537dd89f3c562e5eb0ca637683056fac8be58b7d99dc3b836684a";"On or near Mitre Street";-0.078278;51.513666;"City of London 001F";"Other theft";"Investigation complete; no suspect identified";"Investigation complete; no suspect identified"
"b332daceab1d7340d87064f3a4822ea69a9de0461a45aac07df890f5958625dc";"On or near Muscovy Street";-0.078477;51.509965;"City of London 001F";"Other theft";"Investigation complete; no suspect identified";"Investigation complete; no suspect identified"
"87bfffaef64651ea349fc98a7869f8ec0beeb4f1685621a73d593e3da73f5d8f";"On or near Finch Lane";-0.086019;51.513631;"City of London 001F";"Other theft";"Investigation complete; no suspect identified";"Investigation complete; no suspect identified"
"22d35c6f57d09c2c3e2d2762719ba2ca68ce46e5920d23a190e9545442d15efb";"On or near Laurence Pountney Hill";-0.088903;51.510836;"City of London 001F";"Other theft";"Investigation complete; no suspect identified";"Investigation complete; no suspect identified"
"e43a627c8d48cb05748e9186823a4be625c93ca5686fb5435025f20429f8364a";"On or near Monument Street";-0.084844;51.5097;"City of London 001F";"Other theft";"Investigation complete; no suspect identified";"Investigation complete; no suspect identified"
"4e2e2ccdbbe87bc2eb6e6de43061a10c1e694d032fc0b943e14b2f9e4ec3fb3c";"On or near Water Lane";-0.081091;51.50882;"City of London 001F";"Other theft";"Investigation complete; no suspect identified";"Investigation complete; no suspect identified"
"12da5259d73d2bf7dd04e7645d43a7dde3e008084ffbe4532e78f6cdbf7b1039";"On or near London Liverpool Street";-0.081512;51.518692;"City of London 001F";"Other theft";"Investigation complete; no suspect identified";"Investigation complete; no suspect identified"
"b4dd34cbbd9fcebb3e734f65df20c4dac9f01eb27000638908d13fb569ff901a";"On or near New London Street";-0.079521;51.511196;"City of London 001F";"Other theft";"Investigation complete; no suspect identified";"Investigation complete; no suspect identified"
"f1ba7d949f1896dccf04d49201347fc1b6859962c26f28c48175b04706e8dca4";"On or near London Wall";-0.089808;51.517461;"City of London 001F";"Other theft";"Investigation complete; no suspect identified";"Investigation complete; no suspect identified"
"f46d5ee100558eba11b14e270d0e5aec81a48dc558b67d2644c113caa4cd3af7";"On or near Sandy'S Row";-0.077804;51.518083;"City of London 001F";"Other theft";"Investigation complete; no suspect identified";"Investigation complete; no suspect identified"
"6f5869fa368ce6618db253bc1369b0d819e57736691f8059bff51ceb18e4b2b7";"On or near Gophir Lane";-0.089479;51.510864;"City of London 001F";"Other theft";"Awaiting court outcome";"Suspect charged"
"7c6f7a9d8a5cd1c83ef7a8b731a4e714397a0a0ad48160be631c4da34b4dd902";"On or near Gophir Lane";-0.089479;51.510864;"City of London 001F";"Other theft";"Investigation complete; no suspect identified";"Investigation complete; no suspect identified"
"1156a81fc732e58d663a8c183190cd32c2a77fa7ce724546172459315b427b5b";"On or near Sandy'S Row";-0.077804;51.518083;"City of London 001F";"Other theft";"Investigation complete; no suspect identified";"Investigation complete; no suspect identified"
"1ca6a68c1eb8e067c02eec8071ea43c59a4db2ef3897698e6284299166294f6b";"On or near Finch Lane";-0.086019;51.513631;"City of London 001F";"Other theft";"Investigation complete; no suspect identified";"Investigation complete; no suspect identified"
"483237246e83e4138985010019bf3758f089b3cc1b7c4c0fef5491bc4c988376";"On or near Finch Lane";-0.086019;51.513631;"City of London 001F";"Other theft";"Investigation complete; no suspect identified";"Investigation complete; no suspect identified"
"845082a2f106ff5e84dd7047f4042043702dd80fd863c974a3c01d18fb075f63";"On or near Finch Lane";-0.086019;51.513631;"City of London 001F";"Other theft";"Investigation complete; no suspect identified";"Investigation complete; no suspect identified"
"830ce2730cadc1ca444844254384b75ae04e16089ffee17b8a07f5b9f4a8a80c";"On or near Corbet Court";-0.084754;51.512882;"City of London 001F";"Other theft";"Awaiting court outcome";"Suspect charged"
"b79d706945ccffe4b4899bb3826d928f54babe7c92458f7adac0fb9b08a9f836";"On or near Martin Lane";-0.087772;51.510665;"City of London 001F";"Other theft";"Investigation complete; no suspect identified";"Investigation complete; no suspect identified"
"5469c4a5d7712d82ffbd73bb9ff9a1a7fc41fc565ef2388ad99f14b69cd19264";"On or near Lombard Street";-0.087157;51.512624;"City of London 001F";"Other theft";"Investigation complete; no suspect identified";"Investigation complete; no suspect identified"
"aa2f3eef69476ad03fde4f33ceea781a69da6c35490f620fd923f2bb2ce29220";"On or near Corbet Court";-0.084754;51.512882;"City of London 001F";"Other theft";"Investigation complete; no suspect identified";"Investigation complete; no suspect identified"
"690cfa834b6e9848cb799e4e8671d49853f1e7018115c02d6ed41aa7519a5fc6";"On or near Lower Thames Street";-0.079138;51.508312;"City of London 001F";"Other theft";"Investigation complete; no suspect identified";"Investigation complete; no suspect identified"
"1a05cd0a96c834443ecc0cc1d904ea7f40a2eec67ae84d103d794d213dd71162";"On or near Bishopsgate";-0.081113;51.516869;"City of London 001F";"Other theft";"Investigation complete; no suspect identified";"Investigation complete; no suspect identified"
"200b148081476e61b8b67351cce04d332f5eba7fc4e514cdeb36c89427a6e56b";"On or near A201";-0.104276;51.513712;"City of London 001F";"Other theft";"Investigation complete; no suspect identified";"Investigation complete; no suspect identified"
"fbc347e09b4a3bd4622443ae0c17c8219493106dd027b485ea54fc2949f20a54";"On or near New London Street";-0.079521;51.511196;"City of London 001F";"Other theft";"Investigation complete; no suspect identified";"Investigation complete; no suspect identified"
"960cbbfe21025231f62756630fab31c5c8afa6eb2fc8a3bcc8d2e760189d7219";"On or near St Andrew'S Hill";-0.101393;51.512685;"City of London 001F";"Other theft";"Investigation complete; no suspect identified";"Investigation complete; no suspect identified"
"66fe7a70fdbb4ac7137a165332235865f8e3e28d9774ea8e393edadb849a66d6";"On or near Angel Lane";-0.089208;51.509744;"City of London 001F";"Other theft";"Investigation complete; no suspect identified";"Investigation complete; no suspect identified"
"013757e71f5e232f15cec5acd946e8d978175dbbb3e04755df3e4b9af42420f8";"On or near Moorgate";-0.088785;51.517102;"City of London 001F";"Possession of weapons";"Formal action is not in the public interest";"Formal action is not in the public interest"
"4f897228ed3949852f898d8ccba6ea90e6ae04374f32b9891a166f3ea1e26cae";"On or near New Change";-0.096501;51.513874;"City of London 001F";"Possession of weapons";"Awaiting court outcome";"Suspect charged"
"61c07ce02f2488f8e269a191a7aec382faf928fd4bc3a35989b59ba6d24d7b8b";"On or near New Street";-0.079883;51.517326;"City of London 001F";"Public order";"Investigation complete; no suspect identified";"Investigation complete; no suspect identified"
"653812300776bb9ea7a85cc29dab73d0b7b8818eba900cc988d3b31f99aedeb6";"On or near Pancras Lane";-0.091947;51.513188;"City of London 001F";"Public order";"Awaiting court outcome";"Suspect charged"
"77bba3cf266fff411c73ecd6bbaff57fd4219c8be8a0002c9789dd6610ec06ed";"On or near New Street";-0.079883;51.517326;"City of London 001F";"Public order";"Investigation complete; no suspect identified";"Investigation complete; no suspect identified"
"e50d68b1c386f0d547de40d90da50233310b2e8059b23756a0b3f1b264c6af7f";"On or near High Timber Street";-0.09583;51.510967;"City of London 001F";"Public order";"Action to be taken by another organisation";"Action to be taken by another organisation"
"cee3201111d40f1a60f24be61216aa470e1d55cd3c179d99525d9ffc4b90df98";"On or near Queenhithe";-0.095054;51.510559;"City of London 001F";"Public order";"Investigation complete; no suspect identified";"Investigation complete; no suspect identified"
"b6021f12e5da0304854592c2b8cff93c70bacdaca7d4e9d4419e442b5fb047b9";"On or near Pancras Lane";-0.091947;51.513188;"City of London 001F";"Robbery";"Awaiting court outcome";"Suspect charged"
"2db23bfa1762e8f4d61434c301736ebb0785b9191e6f5de3dcc54a512bf33722";"On or near Great Tower Street";-0.081643;51.51007;"City of London 001F";"Shoplifting";"Awaiting court outcome";"Suspect charged"
"8d82d82574684bd51bd631db627d49d5d6356edf398bda992a8904cfc086775c";"On or near New Street";-0.079883;51.517326;"City of London 001F";"Shoplifting";"Awaiting court outcome";"Suspect charged"
"a9fba150eff94b134a9b87a803e7f9faca63f02e0901427529ae4e03c71fe9ca";"On or near Supermarket";-0.097291;51.514626;"City of London 001F";"Shoplifting";"Investigation complete; no suspect identified";"Investigation complete; no suspect identified"
"742d89e6d7d9305b3c86d6e0f34e2805e0c0232d054edc3912ccec48070f2099";"On or near New Change";-0.096501;51.513874;"City of London 001F";"Shoplifting";"Awaiting court outcome";"Suspect charged"
"967413a6a3cc90510b49d4f8ebe54d69f4cd897e57e19d9306aaeaf36e2f2d95";"On or near New Street";-0.079883;51.517326;"City of London 001F";"Shoplifting";"Unable to prosecute suspect";"Unable to prosecute suspect"
"c58fc28c6bdd85ac4168204b2642c46b80a03a07cd7985668eb8f36c7e226d93";"On or near Pancras Lane";-0.091947;51.513188;"City of London 001F";"Shoplifting";"Investigation complete; no suspect identified";"Investigation complete; no suspect identified"
"e3e0ceb10373a54c0f5776674389c69cd66bda9c40d418a0f853bf858174a4d3";"On or near Gracechurch Street";-0.085089;51.512105;"City of London 001F";"Shoplifting";"Awaiting court outcome";"Suspect charged"
"17e5c45e5ffc6ac839c2731fb9cf3b5eae88279e9cb26e8ed8f5e724791aae3c";"On or near Liverpool Street";-0.081902;51.517296;"City of London 001F";"Shoplifting";"Awaiting court outcome";"Suspect charged"
"17e5c45e5ffc6ac839c2731fb9cf3b5eae88279e9cb26e8ed8f5e724791aae3c";"On or near Liverpool Street";-0.081902;51.517296;"City of London 001F";"Shoplifting";"Awaiting court outcome";"Suspect charged"
"44de7055dcf230445631a2f7538ce788b5eeff0e6df6853a3b284c32d9865401";"On or near Victoria Avenue";-0.079907;51.517785;"City of London 001F";"Shoplifting";"Awaiting court outcome";"Suspect charged"
"361627e112394ac3ed3bd9e8797c2f16d973aeb0fde0161cf0ec7a101ea404fd";"On or near Shopping Area";-0.095224;51.513736;"City of London 001F";"Shoplifting";"Awaiting court outcome";"Suspect charged"
"361627e112394ac3ed3bd9e8797c2f16d973aeb0fde0161cf0ec7a101ea404fd";"On or near Shopping Area";-0.095224;51.513736;"City of London 001F";"Shoplifting";"Awaiting court outcome";"Suspect charged"
"627483dfe66f599ae72356349d6fc7291b3ab70163f7a79d952e5d851f3c75d2";"On or near Victoria Avenue";-0.079907;51.517785;"City of London 001F";"Shoplifting";"Awaiting court outcome";"Suspect charged"
"157a4f6df2716ffcdc38c07987cdaaca74f3c99f7ee3ce7764b14abdde570430";"On or near Shopping Area";-0.095224;51.513736;"City of London 001F";"Shoplifting";"Investigation complete; no suspect identified";"Investigation complete; no suspect identified"
"e3f6620bbcd0305176338ab8900725da8a2045adfca1a5c4f0a49c2fc444a265";"On or near Victoria Avenue";-0.079907;51.517785;"City of London 001F";"Theft from the person";"Under investigation";"Suspect charged"
"0adcf57c3b1bafd04da6d89e2067955bc1381e28d452102b3a82ffc40aec066e";"On or near Bishopsgate";-0.081113;51.516869;"City of London 001F";"Theft from the person";"Investigation complete; no suspect identified";"Investigation complete; no suspect identified"
"540c2080f9fa9d489a55c63efc7dfebf5c3459db0f39d1859f73ded7b49293bd";"On or near Bishopsgate";-0.081113;51.516869;"City of London 001F";"Theft from the person";"Investigation complete; no suspect identified";"Investigation complete; no suspect identified"
"35cc80a349a184c917609ece29c076bd02d22f7ceffe1902c46ee65b365d69e6";"On or near London Liverpool Street";-0.081512;51.518692;"City of London 001F";"Theft from the person";"Investigation complete; no suspect identified";"Investigation complete; no suspect identified"
"5ac34cef0c248799d56e1f41225408e38157e2691863204bea63441812b78cea";"On or near Ironmonger Lane";-0.091823;51.514427;"City of London 001F";"Theft from the person";"Investigation complete; no suspect identified";"Investigation complete; no suspect identified"
"9338c773571178ea802e3a7177fab4a0392719e6d19eec839f9948546d4eebef";"On or near St Mary At Hill";-0.0836;51.509797;"City of London 001F";"Theft from the person";"Investigation complete; no suspect identified";"Investigation complete; no suspect identified"
"158ff4a182b58b3859b063cb7cf532312d60e7154940e0dacc6f23f00a307b99";"On or near Lower Thames Street";-0.079138;51.508312;"City of London 001F";"Theft from the person";"Investigation complete; no suspect identified";"Investigation complete; no suspect identified"
"caba22587f3c5e764d8cb8c6e57474227b4a0d403925701bdca4be916b2f5a77";"On or near Shopping Area";-0.095224;51.513736;"City of London 001F";"Theft from the person";"Investigation complete; no suspect identified";"Investigation complete; no suspect identified"
"66c7c6c949a49f947449dd0c72a42bdc6496ee42ae19555f1f763ec076fd51ad";"On or near Crutched Friars";-0.077959;51.511332;"City of London 001F";"Theft from the person";"Investigation complete; no suspect identified";"Investigation complete; no suspect identified"
"e50ce9cdaeef5d1ed5086544cba2a054863c015837ac9718ce039ed96022c083";"On or near Lombard Street";-0.087157;51.512624;"City of London 001F";"Theft from the person";"Investigation complete; no suspect identified";"Investigation complete; no suspect identified"
"5fb2a01949d79e6d08c8525f240cc55dd7081589e4518b44ad726d442599863c";"On or near Shopping Area";-0.084836;51.511939;"City of London 001F";"Theft from the person";"Investigation complete; no suspect identified";"Investigation complete; no suspect identified"
"c84e650e7a91e1da82f15f43eb6461e448f69f4deda867282f48892688b3e9cb";"On or near Cannon Street";-0.09154;51.511896;"City of London 001F";"Theft from the person";"Investigation complete; no suspect identified";"Investigation complete; no suspect identified"
"a27297b35acd1d4a61bd5ac51390abf9785ffff03537f23b1df27feecd7ad725";"On or near Corbet Court";-0.084754;51.512882;"City of London 001F";"Theft from the person";"Investigation complete; no suspect identified";"Investigation complete; no suspect identified"
"13525cdbdcb8eb7a6a11eb9705d435353ed7b2b8d17697127b9408c84d5daf76";"On or near Ferry Terminal";-0.101963;51.510761;"City of London 001F";"Theft from the person";"Investigation complete; no suspect identified";"Investigation complete; no suspect identified"
"0a524fe184b55d7feadffa672549ffc02ff81a40d8586ceaa5209ae3562b5948";"On or near Moorgate";-0.088785;51.517102;"City of London 001F";"Theft from the person";"Investigation complete; no suspect identified";"Investigation complete; no suspect identified"
"2dcffefd5b0c8ffaf66264fc6e23d1e236929f6e7e7d7c53f62a7e9b1414b77b";"On or near Shopping Area";-0.095224;51.513736;"City of London 001F";"Theft from the person";"Investigation complete; no suspect identified";"Investigation complete; no suspect identified"
"f97a311cd8eee2f0ea9d442932503960ad7870f022e03709167b48b272f10a4a";"On or near Eastcheap";-0.084844;51.510725;"City of London 001F";"Theft from the person";"Investigation complete; no suspect identified";"Investigation complete; no suspect identified"
"a6eef2637d023dde6ce5a4bb705e25efbd5b7727b4ba429ec1e35b74e8e269e7";"On or near Artillery Lane";-0.078755;51.51844;"City of London 001F";"Vehicle crime";"Investigation complete; no suspect identified";"Investigation complete; no suspect identified"
"222456ddf8b32b7436c897db3d94f11bb55744b6bfaf0e2edc98767045cddc0f";"On or near Bell Wharf Lane";-0.092633;51.509872;"City of London 001F";"Vehicle crime";"Investigation complete; no suspect identified";"Investigation complete; no suspect identified"
"0f13590d75f0decb31b01b7b97c2d14c58408c66944c16ebefb9aca5de5cf8d5";"On or near Bishopsgate";-0.081113;51.516869;"City of London 001F";"Vehicle crime";"Unable to prosecute suspect";"Unable to prosecute suspect"
"a32bfc9c0807fea0cf3b729f4d5e0e34584b79792c641ad67cb8345c54f9b908";"On or near A3211";-0.101475;51.511077;"City of London 001F";"Violence and sexual offences";"Action to be taken by another organisation";"Action to be taken by another organisation"
"8ad3237cfe7dd46c0dec76a096971301e2ae1d029f62c3f2d4073390fd0b350b";"On or near Liverpool Street";-0.081902;51.517296;"City of London 001F";"Violence and sexual offences";"Unable to prosecute suspect";"Unable to prosecute suspect"
"958818e9b7d8fedb6846218acd931c6251dc183cb691353760ad55204457d162";"On or near Pancras Lane";-0.091947;51.513188;"City of London 001F";"Violence and sexual offences";"Awaiting court outcome";"Suspect charged"
"f5ef3211dfdb52eb8003efcf9501e57eeb6ed5994feba92dfb05ce319ddcce52";"On or near New Street";-0.079883;51.517326;"City of London 001F";"Violence and sexual offences";"Unable to prosecute suspect";"Unable to prosecute suspect"
"2f560ad38d9a9094e4fc690bcf30b3e265e9ee263d701a42539febb4d6335e4a";"On or near Martin Lane";-0.087772;51.510665;"City of London 001F";"Violence and sexual offences";"Unable to prosecute suspect";"Unable to prosecute suspect"
"59b7bfbba3c6dc077f7dc7334e28e3d126468eee3954e0cfefc73fba70aa48b7";"On or near Bishopsgate";-0.081113;51.516869;"City of London 001F";"Violence and sexual offences";"Awaiting court outcome";"Suspect charged"
"b4f0f50207939060bf4801a79117a96858cf5f25fb9ba8de456f0d0b91ab6121";"On or near New Street";-0.079883;51.517326;"City of London 001F";"Violence and sexual offences";"Awaiting court outcome";"Suspect charged"
"26b9d44455688ac4f11404ab8f19ff2f2f48c770b588cb94789e9ccd334923ea";"On or near Wormwood Street";-0.082993;51.51636;"City of London 001F";"Violence and sexual offences";"Awaiting court outcome";"Suspect charged"
"9dac8d982adb8bfe7f343ce6e5aa44d9fa1fe42f29bb6bd7e4e1ae45e66cf869";"On or near Gracechurch Street";-0.085089;51.512105;"City of London 001F";"Violence and sexual offences";"Unable to prosecute suspect";"Unable to prosecute suspect"
"8ab73fd7ebee9d3f7d788cf5b0a3f591c14861dbaee13773e183ad6fc8608b6a";"On or near Victoria Avenue";-0.079907;51.517785;"City of London 001F";"Violence and sexual offences";"Awaiting court outcome";"Suspect charged"
"d0866906049fb698d0b7a87534535be4e4e2d36a6c3a3ea5f9ba634150f871f3";"On or near St Mary At Hill";-0.0836;51.509797;"City of London 001F";"Violence and sexual offences";"Unable to prosecute suspect";"Unable to prosecute suspect"
"bd9311d600e8abba566e2c206aa2e2a8ec78286593a3f69601f1fc8edca57904";"On or near Bishopsgate";-0.081113;51.516869;"City of London 001F";"Violence and sexual offences";"Unable to prosecute suspect";"Unable to prosecute suspect"
"8ed66ecdd8e1da702244e3cfea8906f5471b7a1a2849a04ac42825e02e31514f";"On or near New Street";-0.079883;51.517326;"City of London 001F";"Violence and sexual offences";"Unable to prosecute suspect";"Unable to prosecute suspect"
"64cedac3fd202954e9ce1c49288396f35d093d1cf990a3d18e85ee81adb6dcdf";"On or near Montague Street";-0.097959;51.517629;"City of London 001G";"Bicycle theft";"Investigation complete; no suspect identified";"Investigation complete; no suspect identified"
"46093a1c9b04692ff6330a1f2bb9e499d5a2b2c6729d85a059dfda0f3c650cd9";"On or near Cloth Street";-0.098017;51.519689;"City of London 001G";"Bicycle theft";"Investigation complete; no suspect identified";"Investigation complete; no suspect identified"
"70ce19d07d79dc2b35fb6aee1ef0f3cf2b753a149e19d93577fdb79ce0208713";"On or near Kingscote Street";-0.10498;51.512033;"City of London 001G";"Burglary";"Awaiting court outcome";"Suspect charged"
"6b56136db0028d1ce19b41b91aa88f078a4f4a1b48329b7c60170e320fa1ec1e";"On or near Fleet Street";-0.10845;51.514202;"City of London 001G";"Drugs";"Awaiting court outcome";"Suspect charged"
"04a0064899ecfa27f69536ee83ca7cf14038f0dab683aa9a80f52b8672064bd7";"On or near Hayne Street";-0.099301;51.519674;"City of London 001G";"Other theft";"Investigation complete; no suspect identified";"Investigation complete; no suspect identified"
"b5fdcebacb96f0ca2e2521ace5d44af1001d2573ad639b4db1dc552434caca40";"On or near Salisbury Square";-0.106342;51.513592;"City of London 001G";"Other theft";"Investigation complete; no suspect identified";"Investigation complete; no suspect identified"
"d54d0ea4f475d6bfe5fce66ce88d2e9dd4a0a111922f0857a25bbe0e8de111e1";"On or near Cloth Street";-0.098017;51.519689;"City of London 001G";"Other theft";"Investigation complete; no suspect identified";"Investigation complete; no suspect identified"
"d4c31a9d3ebaaec0e20fb24d09a81336862202ff25c891aff70b8c6631e49cd6";"On or near Conference/Exhibition Centre";-0.106076;51.517239;"City of London 001G";"Other theft";"Investigation complete; no suspect identified";"Investigation complete; no suspect identified"
"34ff5cc72985b937132026d469e97ee7664eeeba6b8af677dbd5879fbb558519";"On or near Conference/Exhibition Centre";-0.106076;51.517239;"City of London 001G";"Other theft";"Investigation complete; no suspect identified";"Investigation complete; no suspect identified"
"d74576d2e3ced66b7d1dc703d052318b89099a39cc8a6b2111d54ac45353fa93";"On or near Hayne Street";-0.099301;51.519674;"City of London 001G";"Other theft";"Investigation complete; no suspect identified";"Investigation complete; no suspect identified"
"8838113cfa0b4976885990bb250614718d2f3ad28ddff5013cb64697be92a95d";"On or near Further/Higher Educational Building";-0.11069;51.517916;"City of London 001G";"Other theft";"Investigation complete; no suspect identified";"Investigation complete; no suspect identified"
"642cd5eb6997915b4416b28f7dcf69ead09febb60e8e2f6f8e54a11bf60af260";"On or near Rolls Buildings";-0.10954;51.515721;"City of London 001G";"Other theft";"Investigation complete; no suspect identified";"Investigation complete; no suspect identified"
"36ab87e2de7b7ae1983a5f07f35c399b8de75503756e7f94752dbc195d436bdd";"On or near Temple Avenue";-0.108027;51.511884;"City of London 001G";"Public order";"Investigation complete; no suspect identified";"Investigation complete; no suspect identified"
"2e082414d6f94865333a7dc0eef88295edf61aaa139f2c27a7c9a2e63e63b5a7";"On or near East Harding Street";-0.107979;51.51548;"City of London 001G";"Public order";"Unable to prosecute suspect";"Unable to prosecute suspect"
"527ad5851db731980f24b6a2e9af1b1d4151df6ce39c390c162219bd7bf02ec5";"On or near Bride Lane";-0.105131;51.513941;"City of London 001G";"Shoplifting";"Awaiting court outcome";"Suspect charged"
"128118acb301c0c5e61d4e48c288606be435cd4d3360f8bbd2dc79a4fb701554";"On or near Holborn";-0.109164;51.517846;"City of London 001G";"Shoplifting";"Investigation complete; no suspect identified";"Investigation complete; no suspect identified"
"f5d2aaff37b41db438d267c5c99228f19876440a0bbe0e0a40da97bb8e9d4f4d";"On or near Hosier Lane";-0.102538;51.517739;"City of London 001G";"Theft from the person";"Investigation complete; no suspect identified";"Investigation complete; no suspect identified"
"11f016e55fd903d952ae4e9b50d83459dae0903b50e5bef3bccef2214772e3fc";"On or near Cloth Street";-0.098017;51.519689;"City of London 001G";"Theft from the person";"Investigation complete; no suspect identified";"Investigation complete; no suspect identified"
"f5ef3211dfdb52eb8003efcf9501e57eeb6ed5994feba92dfb05ce319ddcce52";"On or near Conference/Exhibition Centre";-0.106076;51.517239;"City of London 001G";"Violence and sexual offences";"Under investigation";"Unable to prosecute suspect"
"1159d6ddc7c9ee79b0222f8f61a9915d982f56fbac1ed6bfcb70ad0f84922759";"On or near Holborn";-0.109164;51.517846;"City of London 001G";"Violence and sexual offences";"Investigation complete; no suspect identified";"Investigation complete; no suspect identified"
"803528f5f2b341fadfbc96178e7890466e6fc4fab61365a7f769aae357e481fe";"On or near Albion Way";-0.098204;51.517984;"City of London 001G";"Violence and sexual offences";"Unable to prosecute suspect";"Unable to prosecute suspect"
"005cd5ac4f36536f1375544f72d2aa8ad1f156b7e2bd0d9831174831b340f2be";"On or near Earl Street";-0.082648;51.520455;"Hackney 033C";"Theft from the person";"Investigation complete; no suspect identified";"Investigation complete; no suspect identified"
"f6f6c678fdb31a40b58ddbb87f2f4aeb58c0ce6a8f612eb27fd42c72e46606d3";"On or near Charterhouse Street";-0.103679;51.51908;"Islington 022D";"Theft from the person";"Investigation complete; no suspect identified";"Investigation complete; no suspect identified"
"4280f3ca4d74aba0d416323a85204df6f89d91bb9bf886e76b62ad4264ed6bb3";"On or near Carthusian Street";-0.0985;51.520551;"Islington 022H";"Bicycle theft";"Investigation complete; no suspect identified";"Investigation complete; no suspect identified"
"231d766b09e4d10aa8fd3411b1f747dd6b0cee78c8276fdb93da4f0fb285f880";"On or near Guthridge Close";-0.020548;51.516204;"Tower Hamlets 020E";"Drugs";"Offender given a drugs possession warning";"Offender given a drugs possession warning"
"e3f6620bbcd0305176338ab8900725da8a2045adfca1a5c4f0a49c2fc444a265";"On or near Tower Bridge Approach";-0.074039;51.508588;"Tower Hamlets 027B";"Theft from the person";"Awaiting court outcome";"Suspect charged"
"abcecb4984f5314578e7ab86fe7b45715b41ab49a5e0de1d9cab935c0d478291";"On or near Shopping Area";-0.121916;51.51163;"Westminster 018A";"Other theft";"Investigation complete; no suspect identified";"Investigation complete; no suspect identified"
"60e99b1b53c648706d7ffcab4f9c0f4f735605619172c235271d8437a669e044";"On or near Fleet Street";-0.111756;51.513724;"Westminster 018B";"Theft from the person";"Investigation complete; no suspect identified";"Investigation complete; no suspect identified"
